[{"model": "auth.permission", "pk": 1, "fields": {"name": "Can add log entry", "content_type": 1, "codename": "add_logentry"}}, {"model": "auth.permission", "pk": 2, "fields": {"name": "Can change log entry", "content_type": 1, "codename": "change_logentry"}}, {"model": "auth.permission", "pk": 3, "fields": {"name": "Can delete log entry", "content_type": 1, "codename": "delete_logentry"}}, {"model": "auth.permission", "pk": 4, "fields": {"name": "Can view log entry", "content_type": 1, "codename": "view_logentry"}}, {"model": "auth.permission", "pk": 5, "fields": {"name": "Can add permission", "content_type": 2, "codename": "add_permission"}}, {"model": "auth.permission", "pk": 6, "fields": {"name": "Can change permission", "content_type": 2, "codename": "change_permission"}}, {"model": "auth.permission", "pk": 7, "fields": {"name": "Can delete permission", "content_type": 2, "codename": "delete_permission"}}, {"model": "auth.permission", "pk": 8, "fields": {"name": "Can view permission", "content_type": 2, "codename": "view_permission"}}, {"model": "auth.permission", "pk": 9, "fields": {"name": "Can add group", "content_type": 3, "codename": "add_group"}}, {"model": "auth.permission", "pk": 10, "fields": {"name": "Can change group", "content_type": 3, "codename": "change_group"}}, {"model": "auth.permission", "pk": 11, "fields": {"name": "Can delete group", "content_type": 3, "codename": "delete_group"}}, {"model": "auth.permission", "pk": 12, "fields": {"name": "Can view group", "content_type": 3, "codename": "view_group"}}, {"model": "auth.permission", "pk": 13, "fields": {"name": "Can add user", "content_type": 4, "codename": "add_user"}}, {"model": "auth.permission", "pk": 14, "fields": {"name": "Can change user", "content_type": 4, "codename": "change_user"}}, {"model": "auth.permission", "pk": 15, "fields": {"name": "Can delete user", "content_type": 4, "codename": "delete_user"}}, {"model": "auth.permission", "pk": 16, "fields": {"name": "Can view user", "content_type": 4, "codename": "view_user"}}, {"model": "auth.permission", "pk": 17, "fields": {"name": "Can add content type", "content_type": 5, "codename": "add_contenttype"}}, {"model": "auth.permission", "pk": 18, "fields": {"name": "Can change content type", "content_type": 5, "codename": "change_contenttype"}}, {"model": "auth.permission", "pk": 19, "fields": {"name": "Can delete content type", "content_type": 5, "codename": "delete_contenttype"}}, {"model": "auth.permission", "pk": 20, "fields": {"name": "Can view content type", "content_type": 5, "codename": "view_contenttype"}}, {"model": "auth.permission", "pk": 21, "fields": {"name": "Can add session", "content_type": 6, "codename": "add_session"}}, {"model": "auth.permission", "pk": 22, "fields": {"name": "Can change session", "content_type": 6, "codename": "change_session"}}, {"model": "auth.permission", "pk": 23, "fields": {"name": "Can delete session", "content_type": 6, "codename": "delete_session"}}, {"model": "auth.permission", "pk": 24, "fields": {"name": "Can view session", "content_type": 6, "codename": "view_session"}}, {"model": "auth.permission", "pk": 25, "fields": {"name": "Can add custom user", "content_type": 8, "codename": "add_customuser"}}, {"model": "auth.permission", "pk": 26, "fields": {"name": "Can change custom user", "content_type": 8, "codename": "change_customuser"}}, {"model": "auth.permission", "pk": 27, "fields": {"name": "Can delete custom user", "content_type": 8, "codename": "delete_customuser"}}, {"model": "auth.permission", "pk": 28, "fields": {"name": "Can view custom user", "content_type": 8, "codename": "view_customuser"}}, {"model": "auth.permission", "pk": 29, "fields": {"name": "Can add workspace member", "content_type": 9, "codename": "add_workspacemember"}}, {"model": "auth.permission", "pk": 30, "fields": {"name": "Can change workspace member", "content_type": 9, "codename": "change_workspacemember"}}, {"model": "auth.permission", "pk": 31, "fields": {"name": "Can delete workspace member", "content_type": 9, "codename": "delete_workspacemember"}}, {"model": "auth.permission", "pk": 32, "fields": {"name": "Can view workspace member", "content_type": 9, "codename": "view_workspacemember"}}, {"model": "auth.permission", "pk": 33, "fields": {"name": "Can add workspace", "content_type": 10, "codename": "add_workspace"}}, {"model": "auth.permission", "pk": 34, "fields": {"name": "Can change workspace", "content_type": 10, "codename": "change_workspace"}}, {"model": "auth.permission", "pk": 35, "fields": {"name": "Can delete workspace", "content_type": 10, "codename": "delete_workspace"}}, {"model": "auth.permission", "pk": 36, "fields": {"name": "Can view workspace", "content_type": 10, "codename": "view_workspace"}}, {"model": "auth.permission", "pk": 37, "fields": {"name": "Can add project", "content_type": 11, "codename": "add_project"}}, {"model": "auth.permission", "pk": 38, "fields": {"name": "Can change project", "content_type": 11, "codename": "change_project"}}, {"model": "auth.permission", "pk": 39, "fields": {"name": "Can delete project", "content_type": 11, "codename": "delete_project"}}, {"model": "auth.permission", "pk": 40, "fields": {"name": "Can view project", "content_type": 11, "codename": "view_project"}}, {"model": "auth.permission", "pk": 41, "fields": {"name": "Can add priority", "content_type": 12, "codename": "add_priority"}}, {"model": "auth.permission", "pk": 42, "fields": {"name": "Can change priority", "content_type": 12, "codename": "change_priority"}}, {"model": "auth.permission", "pk": 43, "fields": {"name": "Can delete priority", "content_type": 12, "codename": "delete_priority"}}, {"model": "auth.permission", "pk": 44, "fields": {"name": "Can view priority", "content_type": 12, "codename": "view_priority"}}, {"model": "auth.permission", "pk": 45, "fields": {"name": "Can add status", "content_type": 13, "codename": "add_status"}}, {"model": "auth.permission", "pk": 46, "fields": {"name": "Can change status", "content_type": 13, "codename": "change_status"}}, {"model": "auth.permission", "pk": 47, "fields": {"name": "Can delete status", "content_type": 13, "codename": "delete_status"}}, {"model": "auth.permission", "pk": 48, "fields": {"name": "Can view status", "content_type": 13, "codename": "view_status"}}, {"model": "auth.permission", "pk": 49, "fields": {"name": "Can add player stats", "content_type": 14, "codename": "add_playerstats"}}, {"model": "auth.permission", "pk": 50, "fields": {"name": "Can change player stats", "content_type": 14, "codename": "change_playerstats"}}, {"model": "auth.permission", "pk": 51, "fields": {"name": "Can delete player stats", "content_type": 14, "codename": "delete_playerstats"}}, {"model": "auth.permission", "pk": 52, "fields": {"name": "Can view player stats", "content_type": 14, "codename": "view_playerstats"}}, {"model": "auth.permission", "pk": 53, "fields": {"name": "Can add workspace code", "content_type": 15, "codename": "add_workspacecode"}}, {"model": "auth.permission", "pk": 54, "fields": {"name": "Can change workspace code", "content_type": 15, "codename": "change_workspacecode"}}, {"model": "auth.permission", "pk": 55, "fields": {"name": "Can delete workspace code", "content_type": 15, "codename": "delete_workspacecode"}}, {"model": "auth.permission", "pk": 56, "fields": {"name": "Can view workspace code", "content_type": 15, "codename": "view_workspacecode"}}, {"model": "auth.permission", "pk": 57, "fields": {"name": "Can add project_member_bridge", "content_type": 16, "codename": "add_project_member_bridge"}}, {"model": "auth.permission", "pk": 58, "fields": {"name": "Can change project_member_bridge", "content_type": 16, "codename": "change_project_member_bridge"}}, {"model": "auth.permission", "pk": 59, "fields": {"name": "Can delete project_member_bridge", "content_type": 16, "codename": "delete_project_member_bridge"}}, {"model": "auth.permission", "pk": 60, "fields": {"name": "Can view project_member_bridge", "content_type": 16, "codename": "view_project_member_bridge"}}, {"model": "auth.permission", "pk": 61, "fields": {"name": "Can add issue_assignee_bridge", "content_type": 17, "codename": "add_issue_assignee_bridge"}}, {"model": "auth.permission", "pk": 62, "fields": {"name": "Can change issue_assignee_bridge", "content_type": 17, "codename": "change_issue_assignee_bridge"}}, {"model": "auth.permission", "pk": 63, "fields": {"name": "Can delete issue_assignee_bridge", "content_type": 17, "codename": "delete_issue_assignee_bridge"}}, {"model": "auth.permission", "pk": 64, "fields": {"name": "Can view issue_assignee_bridge", "content_type": 17, "codename": "view_issue_assignee_bridge"}}, {"model": "auth.permission", "pk": 65, "fields": {"name": "Can add issue", "content_type": 18, "codename": "add_issue"}}, {"model": "auth.permission", "pk": 66, "fields": {"name": "Can change issue", "content_type": 18, "codename": "change_issue"}}, {"model": "auth.permission", "pk": 67, "fields": {"name": "Can delete issue", "content_type": 18, "codename": "delete_issue"}}, {"model": "auth.permission", "pk": 68, "fields": {"name": "Can view issue", "content_type": 18, "codename": "view_issue"}}, {"model": "auth.permission", "pk": 69, "fields": {"name": "Can add email verification", "content_type": 19, "codename": "add_emailverification"}}, {"model": "auth.permission", "pk": 70, "fields": {"name": "Can change email verification", "content_type": 19, "codename": "change_emailverification"}}, {"model": "auth.permission", "pk": 71, "fields": {"name": "Can delete email verification", "content_type": 19, "codename": "delete_emailverification"}}, {"model": "auth.permission", "pk": 72, "fields": {"name": "Can view email verification", "content_type": 19, "codename": "view_emailverification"}}, {"model": "auth.permission", "pk": 73, "fields": {"name": "Can add comments", "content_type": 20, "codename": "add_comments"}}, {"model": "auth.permission", "pk": 74, "fields": {"name": "Can change comments", "content_type": 20, "codename": "change_comments"}}, {"model": "auth.permission", "pk": 75, "fields": {"name": "Can delete comments", "content_type": 20, "codename": "delete_comments"}}, {"model": "auth.permission", "pk": 76, "fields": {"name": "Can view comments", "content_type": 20, "codename": "view_comments"}}, {"model": "auth.user", "pk": 1, "fields": {"password": "pbkdf2_sha256$720000$hwZ3ddCPfPNbihLUXrBI9u$MBw+y4SABr7xofDjEZt0Xk3nPOICCfe6ebVgw28xthc=", "last_login": "2024-08-17T20:43:37.600Z", "is_superuser": true, "username": "amrutha", "first_name": "", "last_name": "", "email": "amru@gmail.com", "is_staff": true, "is_active": true, "date_joined": "2024-08-17T18:24:53.494Z", "groups": [], "user_permissions": []}}, {"model": "auth.user", "pk": 9, "fields": {"password": "pbkdf2_sha256$720000$OW1PyQlLJJzVeov9XdHe6j$/1Y0oPfTDXqnvsCN9IXztKYAlYiip/iDNxVfzyTMJpE=", "last_login": "2024-09-08T06:44:24.615Z", "is_superuser": false, "username": "jo", "first_name": "jo", "last_name": "philip", "email": "jophil@123.com", "is_staff": false, "is_active": true, "date_joined": "2024-08-22T15:42:10.666Z", "groups": [], "user_permissions": []}}, {"model": "auth.user", "pk": 12, "fields": {"password": "pbkdf2_sha256$720000$0hVAs94OeZN5fKxnzLNC23$rshamrjRZh5zYT8UcLOOuxqPv/wxXJLiVg7buvSeL5Y=", "last_login": "2024-08-28T18:17:47.338Z", "is_superuser": false, "username": "amru", "first_name": "am", "last_name": "pa", "email": "am@gmail.com", "is_staff": false, "is_active": true, "date_joined": "2024-08-28T07:41:28.393Z", "groups": [], "user_permissions": []}}, {"model": "contenttypes.contenttype", "pk": 1, "fields": {"app_label": "admin", "model": "logentry"}}, {"model": "contenttypes.contenttype", "pk": 2, "fields": {"app_label": "auth", "model": "permission"}}, {"model": "contenttypes.contenttype", "pk": 3, "fields": {"app_label": "auth", "model": "group"}}, {"model": "contenttypes.contenttype", "pk": 4, "fields": {"app_label": "auth", "model": "user"}}, {"model": "contenttypes.contenttype", "pk": 5, "fields": {"app_label": "contenttypes", "model": "contenttype"}}, {"model": "contenttypes.contenttype", "pk": 6, "fields": {"app_label": "sessions", "model": "session"}}, {"model": "contenttypes.contenttype", "pk": 7, "fields": {"app_label": "users", "model": "register"}}, {"model": "contenttypes.contenttype", "pk": 8, "fields": {"app_label": "users", "model": "customuser"}}, {"model": "contenttypes.contenttype", "pk": 9, "fields": {"app_label": "users", "model": "workspacemember"}}, {"model": "contenttypes.contenttype", "pk": 10, "fields": {"app_label": "users", "model": "workspace"}}, {"model": "contenttypes.contenttype", "pk": 11, "fields": {"app_label": "users", "model": "project"}}, {"model": "contenttypes.contenttype", "pk": 12, "fields": {"app_label": "users", "model": "priority"}}, {"model": "contenttypes.contenttype", "pk": 13, "fields": {"app_label": "users", "model": "status"}}, {"model": "contenttypes.contenttype", "pk": 14, "fields": {"app_label": "users", "model": "playerstats"}}, {"model": "contenttypes.contenttype", "pk": 15, "fields": {"app_label": "users", "model": "workspacecode"}}, {"model": "contenttypes.contenttype", "pk": 16, "fields": {"app_label": "users", "model": "project_member_bridge"}}, {"model": "contenttypes.contenttype", "pk": 17, "fields": {"app_label": "users", "model": "issue_assignee_bridge"}}, {"model": "contenttypes.contenttype", "pk": 18, "fields": {"app_label": "users", "model": "issue"}}, {"model": "contenttypes.contenttype", "pk": 19, "fields": {"app_label": "users", "model": "emailverification"}}, {"model": "contenttypes.contenttype", "pk": 20, "fields": {"app_label": "users", "model": "comments"}}, {"model": "sessions.session", "pk": "0tuggnxp5isifecaiz223tuaw5zk8vw3", "fields": {"session_data": ".eJxVjEEOwiAQRe_C2jYwQAGX7j1DMzOArZo2oW1cGO8uTbrQ7X_vv7focVuHfltS6ccoziKI0-9GyI807SDecbrNLc_TWkZqd6U96NJe55iel8P9Cwy4DPVNEDqAKMkpxWxM5qBt8Bq7zImyV05FdDkqdsrrDJJiNbizmSkj6BrlrZQ0rf1rqT0PCQ041ZBh3RgvfUM-QGMwWYkMNjsrPl_3TUbh:1skKWB:XFmtmKr8meJPFtNb-CpkILhHjxmGsT3u-gCqTZFwZys", "expire_date": "2024-09-14T09:35:39.126Z"}}, {"model": "sessions.session", "pk": "71ip7p92q4njwb235ckxbtkemmes9mjd", "fields": {"session_data": ".eJxVjEEOwiAQRe_C2jYwQAGX7j1DMzOArZo2oW1cGO8uTbrQ7X_vv7focVuHfltS6ccoziKI0-9GyI807SDecbrNLc_TWkZqd6U96NJe55iel8P9Cwy4DPVNEDqAKMkpxWxM5qBt8Bq7zImyV05FdDkqdsrrDJJiNbizmSkj6BrlrZQ0rf1rqT0PCQ041ZBh3RgvfUM-QGMwWYkMNjsrPl_3TUbh:1slmF2:iOwFw7iDKIc6sBzh8f54AfPOKEBEfmrywpiN1CqmgPg", "expire_date": "2024-09-18T09:23:56.511Z"}}, {"model": "sessions.session", "pk": "72khn53bzygsli5i3xt1wlmvc62ae32t", "fields": {"session_data": ".eJxVjEEOwiAQRe_C2jYwQAGX7j1DMzOArZo2oW1cGO8uTbrQ7X_vv7focVuHfltS6ccoziKI0-9GyI807SDecbrNLc_TWkZqd6U96NJe55iel8P9Cwy4DPVNEDqAKMkpxWxM5qBt8Bq7zImyV05FdDkqdsrrDJJiNbizmSkj6BrlrZQ0rf1rqT0PCQ041ZBh3RgvfUM-QGMwWYkMNjsrPl_3TUbh:1slhlD:iaY-vdaY52SCgGNeRIc4_l7Zwc8N0gz3xPHmeKNKJ7w", "expire_date": "2024-09-18T04:36:51.373Z"}}, {"model": "sessions.session", "pk": "99r57cz4wvyk063ctre4bj5aga474hl7", "fields": {"session_data": "e30:1shAQ8:fiRA3n--ePctBM8RnFyqpoH1s-_tX_FNEbGS9PAOhTk", "expire_date": "2024-09-05T16:12:20.385Z"}}, {"model": "sessions.session", "pk": "atv0oj937yutej53rnhi9mwaf2lr6e40", "fields": {"session_data": "e30:1shAB3:XSqOzM6Zs2WTrTpJP2QFYfTi69v1BrvKDVandhMR3qs", "expire_date": "2024-09-05T15:56:45.038Z"}}, {"model": "sessions.session", "pk": "ax137toy0tf9fj1xcqrsnxkig4gjwx5f", "fields": {"session_data": "e30:1shABx:rjmTbJuuFko67Ri0Y_QG4YTBQpQIlV4t73kD4vb_OS4", "expire_date": "2024-09-05T15:57:41.753Z"}}, {"model": "sessions.session", "pk": "bfsno1dcm41aj259nry1t8omba4wd4w3", "fields": {"session_data": ".eJxVjEEOwiAQRe_C2jYwQAGX7j1DMzOArZo2oW1cGO8uTbrQ7X_vv7focVuHfltS6ccoziKI0-9GyI807SDecbrNLc_TWkZqd6U96NJe55iel8P9Cwy4DPVNEDqAKMkpxWxM5qBt8Bq7zImyV05FdDkqdsrrDJJiNbizmSkj6BrlrZQ0rf1rqT0PCQ041ZBh3RgvfUM-QGMwWYkMNjsrPl_3TUbh:1smBjT:-97GEmuwTptSA7Z9M2BCCYIQGFzaj04gVI0U0Y7RKsE", "expire_date": "2024-09-19T12:37:03.130Z"}}, {"model": "sessions.session", "pk": "d0c4cftps8av6sl5kq0ttgcmeclou5sa", "fields": {"session_data": ".eJxVjEEOwiAQRe_C2jYwQAGX7j1DMzOArZo2oW1cGO8uTbrQ7X_vv7focVuHfltS6ccoziKI0-9GyI807SDecbrNLc_TWkZqd6U96NJe55iel8P9Cwy4DPVNEDqAKMkpxWxM5qBt8Bq7zImyV05FdDkqdsrrDJJiNbizmSkj6BrlrZQ0rf1rqT0PCQ041ZBh3RgvfUM-QGMwWYkMNjsrPl_3TUbh:1slKld:yR6OQEbEVd9m7eBc9RO72p9w0OLRlqGh2dQN2XVhoBY", "expire_date": "2024-09-17T04:03:45.099Z"}}, {"model": "sessions.session", "pk": "l4ucblmxlgu7rqgvhv86qmvj6a0s11m9", "fields": {"session_data": "e30:1shAL4:kVxSvrJIghkEnQDtwziDEMX_ESqnR6Ne8XBVMqCBcZE", "expire_date": "2024-09-05T16:07:06.331Z"}}, {"model": "sessions.session", "pk": "p4khjn6a57f5vjfbf6v46x7zrdpp4n9b", "fields": {"session_data": ".eJxVjEEOgjAQRe_StWkc2jLUpXvOQGamg6CmTSisjHdXEha6_e-9_zIDbes0bFWXYU7mYsCcfjcmeWjeQbpTvhUrJa_LzHZX7EGr7UvS5_Vw_w4mqtO39n4cQxsAkiK71EiIgT1jix0Qg4sjCaOIYtdEiJ6cgiRidJ3js5J5fwDpgThg:1sfOIt:LRW8e8Owgr8CntXSrEVpAtjyjcUJxoL7aMAoBS4TS-M", "expire_date": "2024-08-31T18:37:31.404Z"}}, {"model": "sessions.session", "pk": "pnczfnefm0ng4ygww0vh1l52v58tmil8", "fields": {"session_data": "e30:1shADI:U8c-bBijyWNR4d5Opa5zPOddSB57HTbXOxg0g1zBEUI", "expire_date": "2024-09-05T15:59:04.004Z"}}, {"model": "sessions.session", "pk": "svp5kp7g1sfux78fuln60xqpwt7v4wj0", "fields": {"session_data": ".eJxVjEEOwiAQRe_C2jYwQAGX7j1DMzOArZo2oW1cGO8uTbrQ7X_vv7focVuHfltS6ccoziKI0-9GyI807SDecbrNLc_TWkZqd6U96NJe55iel8P9Cwy4DPVNEDqAKMkpxWxM5qBt8Bq7zImyV05FdDkqdsrrDJJiNbizmSkj6BrlrZQ0rf1rqT0PCQ041ZBh3RgvfUM-QGMwWYkMNjsrPl_3TUbh:1snBex:fH81Q5kq6jj4DRSWD6AhqzYErXIyxDJhAufnorGiM38", "expire_date": "2024-09-22T06:44:31.863Z"}}, {"model": "sessions.session", "pk": "usf0luy1kf0am6lo7vf23wopvtd3txjs", "fields": {"session_data": ".eJxVjEEOwiAQRe_C2jYwQAGX7j1DMzOArZo2oW1cGO8uTbrQ7X_vv7focVuHfltS6ccoziKI0-9GyI807SDecbrNLc_TWkZqd6U96NJe55iel8P9Cwy4DPVNEDqAKMkpxWxM5qBt8Bq7zImyV05FdDkqdsrrDJJiNbizmSkj6BrlrZQ0rf1rqT0PCQ041ZBh3RgvfUM-QGMwWYkMNjsrPl_3TUbh:1sllyJ:yOdYsPXJJjdU9xS8Y-OBwH9OMvtmt8ShtwzyIdEVjc4", "expire_date": "2024-09-18T09:06:39.301Z"}}, {"model": "sessions.session", "pk": "z5hwlfl13j1lkrl815v5jui569kd1r8l", "fields": {"session_data": ".eJxVjssOgjAURP-layH03bp07zeQ-2gFNSWhEBfGfxcSFrqdc2Yyb9HDugz9WtPcjyzOIorTb4ZAj1R2wHcot6mlqSzziO2utAet7XXi9Lwc7t_AAHXY2qiiU4o79FISGZMpahuDBpcpYQ7SSwafWZKXQWfVIW8GOZsJMyi9jdI6z6ks_avubyRaTBqaaNg0RiZqIDrbaMaoo8LgkcXnCwtNR6c:1slRVM:hBqBhZosJgLU2MhZanIDPh2TsPoRff75cRBEm4_rDG0", "expire_date": "2024-09-17T11:15:24.169Z"}}, {"model": "users.customuser", "pk": "e18b8bb1-c503-473d-8c63-b0222be638e3", "fields": {"user": 12, "profile_pic": "", "gameMode": true, "last_ws": null}}, {"model": "users.customuser", "pk": "fa1b06be-5fa0-44d5-a490-ecb1657d9469", "fields": {"user": 9, "profile_pic": "", "gameMode": true, "last_ws": null}}, {"model": "users.workspace", "pk": "708aeb17-7162-4f5f-8029-f30fd79f59a7", "fields": {"ws_name": "buildinn", "admin": "fa1b06be-5fa0-44d5-a490-ecb1657d9469", "active": true}}, {"model": "users.workspace", "pk": "82ea4271-b4c3-4808-b892-4ae50ac25f75", "fields": {"ws_name": "builddddsa", "admin": "fa1b06be-5fa0-44d5-a490-ecb1657d9469", "active": true}}, {"model": "users.workspace", "pk": "cac18c46-8ec0-4af7-a0cc-72b2b5834a07", "fields": {"ws_name": "build", "admin": "fa1b06be-5fa0-44d5-a490-ecb1657d9469", "active": true}}, {"model": "users.workspace", "pk": "d1b5be3a-94d4-41ec-a965-3db9392b87bd", "fields": {"ws_name": "BuildR", "admin": "fa1b06be-5fa0-44d5-a490-ecb1657d9469", "active": true}}, {"model": "users.workspacemember", "pk": 2, "fields": {"workspace": "d1b5be3a-94d4-41ec-a965-3db9392b87bd", "customUser": "fa1b06be-5fa0-44d5-a490-ecb1657d9469", "active": true}}, {"model": "users.workspacemember", "pk": 3, "fields": {"workspace": "cac18c46-8ec0-4af7-a0cc-72b2b5834a07", "customUser": "fa1b06be-5fa0-44d5-a490-ecb1657d9469", "active": true}}, {"model": "users.workspacemember", "pk": 4, "fields": {"workspace": "708aeb17-7162-4f5f-8029-f30fd79f59a7", "customUser": "fa1b06be-5fa0-44d5-a490-ecb1657d9469", "active": true}}, {"model": "users.workspacemember", "pk": 5, "fields": {"workspace": "82ea4271-b4c3-4808-b892-4ae50ac25f75", "customUser": "fa1b06be-5fa0-44d5-a490-ecb1657d9469", "active": true}}, {"model": "users.workspacemember", "pk": 6, "fields": {"workspace": "82ea4271-b4c3-4808-b892-4ae50ac25f75", "customUser": "e18b8bb1-c503-473d-8c63-b0222be638e3", "active": true}}, {"model": "users.workspacemember", "pk": 13, "fields": {"workspace": "d1b5be3a-94d4-41ec-a965-3db9392b87bd", "customUser": "e18b8bb1-c503-473d-8c63-b0222be638e3", "active": true}}, {"model": "users.workspacecode", "pk": 1, "fields": {"ws": "82ea4271-b4c3-4808-b892-4ae50ac25f75", "code": "68E2B8EA", "is_active": true, "created_on": "2024-08-25T18:40:52.705Z", "expires_on": "2024-12-23T18:40:52.701Z"}}, {"model": "users.workspacecode", "pk": 2, "fields": {"ws": "d1b5be3a-94d4-41ec-a965-3db9392b87bd", "code": "477973C9", "is_active": true, "created_on": "2024-08-28T15:19:09.358Z", "expires_on": "2024-12-26T15:19:09.358Z"}}, {"model": "users.workspacecode", "pk": 3, "fields": {"ws": "cac18c46-8ec0-4af7-a0cc-72b2b5834a07", "code": "3278632A", "is_active": true, "created_on": "2024-09-03T10:16:32.025Z", "expires_on": "2025-01-01T10:16:32.022Z"}}, {"model": "users.workspacecode", "pk": 4, "fields": {"ws": "708aeb17-7162-4f5f-8029-f30fd79f59a7", "code": "1EDC986C", "is_active": true, "created_on": "2024-09-05T02:27:06.855Z", "expires_on": "2025-01-03T02:27:06.855Z"}}, {"model": "users.priority", "pk": 1, "fields": {"name": "Urgent", "icon": null}}, {"model": "users.priority", "pk": 2, "fields": {"name": "High Priority", "icon": null}}, {"model": "users.priority", "pk": 3, "fields": {"name": "Medium Priority", "icon": "&#xf057;"}}, {"model": "users.priority", "pk": 4, "fields": {"name": "Low Priority", "icon": null}}, {"model": "users.priority", "pk": 5, "fields": {"name": "No Priority", "icon": null}}, {"model": "users.status", "pk": 1, "fields": {"name": "Open"}}, {"model": "users.status", "pk": 2, "fields": {"name": "In progress"}}, {"model": "users.status", "pk": 3, "fields": {"name": "Paused"}}, {"model": "users.status", "pk": 4, "fields": {"name": "Closed"}}, {"model": "users.project", "pk": "39820618-5dec-4f4b-9a52-b335ad36c3da", "fields": {"name": "123", "description": "12233", "deadline": "2024-08-31", "created_on": "2024-08-28T18:53:09.465Z", "completed": false, "ws": "82ea4271-b4c3-4808-b892-4ae50ac25f75", "priority": 3, "status": 2}}, {"model": "users.project", "pk": "dc65f603-af42-4506-bb2e-daac025b2abc", "fields": {"name": "rich text editor add", "description": "", "deadline": "2024-09-06", "created_on": "2024-09-03T04:20:55.182Z", "completed": false, "ws": "82ea4271-b4c3-4808-b892-4ae50ac25f75", "priority": 2, "status": 1}}, {"model": "users.project", "pk": "df7f302a-2a7e-4d33-ad19-fd68185d04c2", "fields": {"name": "rich text editor add", "description": "", "deadline": "2024-09-06", "created_on": "2024-09-03T04:22:20.243Z", "completed": false, "ws": "82ea4271-b4c3-4808-b892-4ae50ac25f75", "priority": 2, "status": 1}}, {"model": "users.project", "pk": "ec642f55-8cb0-45a9-954a-af2515b5e820", "fields": {"name": "123", "description": "12233", "deadline": "2024-08-31", "created_on": "2024-08-28T18:52:46.546Z", "completed": false, "ws": "82ea4271-b4c3-4808-b892-4ae50ac25f75", "priority": 2, "status": 3}}, {"model": "users.project_member_bridge", "pk": 1, "fields": {"team_member": "e18b8bb1-c503-473d-8c63-b0222be638e3", "project": "ec642f55-8cb0-45a9-954a-af2515b5e820", "role": "Lead", "joined_on": "2024-08-28T18:52:46.555Z", "active": true}}, {"model": "users.project_member_bridge", "pk": 2, "fields": {"team_member": "e18b8bb1-c503-473d-8c63-b0222be638e3", "project": "39820618-5dec-4f4b-9a52-b335ad36c3da", "role": "Lead", "joined_on": "2024-08-28T18:53:09.473Z", "active": true}}, {"model": "users.project_member_bridge", "pk": 4, "fields": {"team_member": "fa1b06be-5fa0-44d5-a490-ecb1657d9469", "project": "39820618-5dec-4f4b-9a52-b335ad36c3da", "role": "Team member", "joined_on": "2024-08-28T18:53:09.486Z", "active": true}}, {"model": "users.project_member_bridge", "pk": 6, "fields": {"team_member": "e18b8bb1-c503-473d-8c63-b0222be638e3", "project": "dc65f603-af42-4506-bb2e-daac025b2abc", "role": "Team member", "joined_on": "2024-09-03T04:20:55.202Z", "active": true}}, {"model": "users.project_member_bridge", "pk": 7, "fields": {"team_member": "e18b8bb1-c503-473d-8c63-b0222be638e3", "project": "df7f302a-2a7e-4d33-ad19-fd68185d04c2", "role": "Lead", "joined_on": "2024-09-03T04:22:20.251Z", "active": true}}, {"model": "users.project_member_bridge", "pk": 9, "fields": {"team_member": "fa1b06be-5fa0-44d5-a490-ecb1657d9469", "project": "ec642f55-8cb0-45a9-954a-af2515b5e820", "role": "Team member", "joined_on": "2024-09-08T01:23:23.353Z", "active": true}}, {"model": "users.issue", "pk": "0dabe28c-ee7a-44a1-984c-7565983683e6", "fields": {"name": "add subissue", "description": "21345", "deadline": "2024-08-27", "created_on": "2024-08-29T07:43:15.428Z", "completed": false, "project": "39820618-5dec-4f4b-9a52-b335ad36c3da", "priority": 3, "status": 1, "parent_task": null}}, {"model": "users.issue", "pk": "173cdec7-1a57-461e-bfd4-fdba0e47fc1f", "fields": {"name": "1234", "description": "234", "deadline": "2024-08-26", "created_on": "2024-08-29T07:58:45.606Z", "completed": false, "project": "39820618-5dec-4f4b-9a52-b335ad36c3da", "priority": 2, "status": 2, "parent_task": null}}, {"model": "users.issue", "pk": "3a6fff25-a7e7-4341-b789-9f1ff9989b02", "fields": {"name": "add subissue", "description": "21345", "deadline": "2024-08-27", "created_on": "2024-08-29T07:45:06.736Z", "completed": false, "project": "39820618-5dec-4f4b-9a52-b335ad36c3da", "priority": 2, "status": 3, "parent_task": null}}, {"model": "users.issue", "pk": "843719e4-d3df-47a1-a0d0-82063f0be116", "fields": {"name": "add code", "description": "in each page", "deadline": "2024-09-10", "created_on": "2024-09-03T05:23:21.508Z", "completed": false, "project": "df7f302a-2a7e-4d33-ad19-fd68185d04c2", "priority": 2, "status": null, "parent_task": null}}, {"model": "users.issue", "pk": "9bd9cb74-dbcb-49dc-ab35-413892af77b4", "fields": {"name": "1234", "description": "234", "deadline": "2024-08-26", "created_on": "2024-08-29T07:59:10.606Z", "completed": false, "project": "39820618-5dec-4f4b-9a52-b335ad36c3da", "priority": 4, "status": 4, "parent_task": null}}, {"model": "users.issue", "pk": "9c74ef47-2e20-4e1c-af68-575cf2947c09", "fields": {"name": "add subissue", "description": "2345", "deadline": "2024-08-21", "created_on": "2024-08-29T07:42:23.925Z", "completed": false, "project": "39820618-5dec-4f4b-9a52-b335ad36c3da", "priority": 3, "status": 1, "parent_task": null}}, {"model": "users.issue", "pk": "a451d5ca-108b-4006-bbbd-62e26e665492", "fields": {"name": "add subissue", "description": "21345", "deadline": "2024-08-27", "created_on": "2024-08-29T07:46:46.553Z", "completed": false, "project": "39820618-5dec-4f4b-9a52-b335ad36c3da", "priority": 2, "status": 2, "parent_task": null}}, {"model": "users.issue", "pk": "b662e408-0353-4d09-8bcb-d1cc05913b54", "fields": {"name": "add subissue", "description": "21345", "deadline": "2024-08-27", "created_on": "2024-08-29T07:47:22.565Z", "completed": false, "project": "39820618-5dec-4f4b-9a52-b335ad36c3da", "priority": 2, "status": 3, "parent_task": null}}, {"model": "users.issue", "pk": "c2b124ee-df72-432c-81cb-82c674617c5e", "fields": {"name": "add subissue", "description": "21345", "deadline": "2024-08-27", "created_on": "2024-08-29T07:46:16.021Z", "completed": false, "project": "39820618-5dec-4f4b-9a52-b335ad36c3da", "priority": 2, "status": 4, "parent_task": null}}, {"model": "users.issue", "pk": "cbb10ac5-9b00-4736-93d3-0e92c835584b", "fields": {"name": "one isue", "description": "12354tj", "deadline": "2024-08-13", "created_on": "2024-08-30T03:46:58.248Z", "completed": false, "project": "39820618-5dec-4f4b-9a52-b335ad36c3da", "priority": null, "status": 1, "parent_task": null}}, {"model": "users.issue", "pk": "cbd9778d-e995-4bbc-a1d7-1121ca3b6e07", "fields": {"name": "more icons", "description": null, "deadline": "2024-09-08", "created_on": "2024-09-07T11:36:07.628Z", "completed": false, "project": "ec642f55-8cb0-45a9-954a-af2515b5e820", "priority": 1, "status": 2, "parent_task": null}}, {"model": "users.issue", "pk": "e40ca2d3-a7e2-4406-b44f-c5fe6b94aae4", "fields": {"name": "helo", "description": null, "deadline": null, "created_on": "2024-09-08T01:28:24.808Z", "completed": false, "project": "ec642f55-8cb0-45a9-954a-af2515b5e820", "priority": null, "status": 3, "parent_task": null}}, {"model": "users.issue_assignee_bridge", "pk": 1, "fields": {"assignee": "e18b8bb1-c503-473d-8c63-b0222be638e3", "issue": "9bd9cb74-dbcb-49dc-ab35-413892af77b4", "assigned_on": "2024-08-29T07:59:10.612Z", "active": true}}, {"model": "users.issue_assignee_bridge", "pk": 2, "fields": {"assignee": "e18b8bb1-c503-473d-8c63-b0222be638e3", "issue": "843719e4-d3df-47a1-a0d0-82063f0be116", "assigned_on": "2024-09-03T05:23:21.516Z", "active": true}}, {"model": "users.issue_assignee_bridge", "pk": 3, "fields": {"assignee": "e18b8bb1-c503-473d-8c63-b0222be638e3", "issue": "cbd9778d-e995-4bbc-a1d7-1121ca3b6e07", "assigned_on": "2024-09-07T11:36:07.633Z", "active": true}}, {"model": "users.issue_assignee_bridge", "pk": 4, "fields": {"assignee": "fa1b06be-5fa0-44d5-a490-ecb1657d9469", "issue": "e40ca2d3-a7e2-4406-b44f-c5fe6b94aae4", "assigned_on": "2024-09-08T01:28:24.814Z", "active": true}}, {"model": "users.comments", "pk": 1, "fields": {"comment": "hello", "author": "fa1b06be-5fa0-44d5-a490-ecb1657d9469", "parent_comment": null, "created_at": "2024-09-08T02:20:14.267Z", "issue": "cbd9778d-e995-4bbc-a1d7-1121ca3b6e07"}}, {"model": "users.comments", "pk": 2, "fields": {"comment": "second comment", "author": "fa1b06be-5fa0-44d5-a490-ecb1657d9469", "parent_comment": null, "created_at": "2024-09-08T02:21:13.126Z", "issue": "e40ca2d3-a7e2-4406-b44f-c5fe6b94aae4"}}, {"model": "users.comments", "pk": 3, "fields": {"comment": "reply commne1", "author": "fa1b06be-5fa0-44d5-a490-ecb1657d9469", "parent_comment": 1, "created_at": "2024-09-08T08:37:36.298Z", "issue": "cbd9778d-e995-4bbc-a1d7-1121ca3b6e07"}}, {"model": "users.comments", "pk": 4, "fields": {"comment": "where is add comment", "author": "fa1b06be-5fa0-44d5-a490-ecb1657d9469", "parent_comment": 1, "created_at": "2024-09-08T08:39:57.150Z", "issue": "cbd9778d-e995-4bbc-a1d7-1121ca3b6e07"}}, {"model": "users.comments", "pk": 5, "fields": {"comment": "comment2", "author": "fa1b06be-5fa0-44d5-a490-ecb1657d9469", "parent_comment": null, "created_at": "2024-09-08T10:14:20.436Z", "issue": "cbd9778d-e995-4bbc-a1d7-1121ca3b6e07"}}, {"model": "users.comments", "pk": 6, "fields": {"comment": "reply to coment 2", "author": "fa1b06be-5fa0-44d5-a490-ecb1657d9469", "parent_comment": 5, "created_at": "2024-09-08T10:16:39.102Z", "issue": "cbd9778d-e995-4bbc-a1d7-1121ca3b6e07"}}, {"model": "users.comments", "pk": 7, "fields": {"comment": "one more reply", "author": "fa1b06be-5fa0-44d5-a490-ecb1657d9469", "parent_comment": 1, "created_at": "2024-09-08T10:39:29.793Z", "issue": "cbd9778d-e995-4bbc-a1d7-1121ca3b6e07"}}, {"model": "users.comments", "pk": 8, "fields": {"comment": "one more reply", "author": "fa1b06be-5fa0-44d5-a490-ecb1657d9469", "parent_comment": 1, "created_at": "2024-09-08T10:39:36.526Z", "issue": "cbd9778d-e995-4bbc-a1d7-1121ca3b6e07"}}, {"model": "users.comments", "pk": 9, "fields": {"comment": "one more comment 3", "author": "fa1b06be-5fa0-44d5-a490-ecb1657d9469", "parent_comment": null, "created_at": "2024-09-08T10:39:49.278Z", "issue": "cbd9778d-e995-4bbc-a1d7-1121ca3b6e07"}}, {"model": "users.comments", "pk": 10, "fields": {"comment": "comment 4", "author": "fa1b06be-5fa0-44d5-a490-ecb1657d9469", "parent_comment": null, "created_at": "2024-09-08T10:42:06.763Z", "issue": "cbd9778d-e995-4bbc-a1d7-1121ca3b6e07"}}, {"model": "users.comments", "pk": 11, "fields": {"comment": "comment 4", "author": "fa1b06be-5fa0-44d5-a490-ecb1657d9469", "parent_comment": null, "created_at": "2024-09-08T10:42:08.561Z", "issue": "cbd9778d-e995-4bbc-a1d7-1121ca3b6e07"}}, {"model": "users.comments", "pk": 12, "fields": {"comment": "comment 5", "author": "fa1b06be-5fa0-44d5-a490-ecb1657d9469", "parent_comment": null, "created_at": "2024-09-08T10:44:56.276Z", "issue": "cbd9778d-e995-4bbc-a1d7-1121ca3b6e07"}}, {"model": "users.comments", "pk": 13, "fields": {"comment": "comment 6", "author": "fa1b06be-5fa0-44d5-a490-ecb1657d9469", "parent_comment": null, "created_at": "2024-09-08T10:48:06.752Z", "issue": "cbd9778d-e995-4bbc-a1d7-1121ca3b6e07"}}, {"model": "users.comments", "pk": 14, "fields": {"comment": "comment 7", "author": "fa1b06be-5fa0-44d5-a490-ecb1657d9469", "parent_comment": null, "created_at": "2024-09-08T10:49:10.090Z", "issue": "cbd9778d-e995-4bbc-a1d7-1121ca3b6e07"}}, {"model": "users.comments", "pk": 15, "fields": {"comment": "hey new reply", "author": "fa1b06be-5fa0-44d5-a490-ecb1657d9469", "parent_comment": 1, "created_at": "2024-09-08T10:51:40.796Z", "issue": "cbd9778d-e995-4bbc-a1d7-1121ca3b6e07"}}, {"model": "users.comments", "pk": 16, "fields": {"comment": "reply again", "author": "fa1b06be-5fa0-44d5-a490-ecb1657d9469", "parent_comment": 8, "created_at": "2024-09-08T10:51:59.352Z", "issue": "cbd9778d-e995-4bbc-a1d7-1121ca3b6e07"}}, {"model": "users.comments", "pk": 17, "fields": {"comment": "replies", "author": "fa1b06be-5fa0-44d5-a490-ecb1657d9469", "parent_comment": 3, "created_at": "2024-09-08T10:55:13.835Z", "issue": "cbd9778d-e995-4bbc-a1d7-1121ca3b6e07"}}, {"model": "users.comments", "pk": 18, "fields": {"comment": "onn vaa", "author": "fa1b06be-5fa0-44d5-a490-ecb1657d9469", "parent_comment": 3, "created_at": "2024-09-08T13:13:40.970Z", "issue": "cbd9778d-e995-4bbc-a1d7-1121ca3b6e07"}}]